-- MySQL dump 10.13  Distrib 8.0.41, for Win64 (x86_64)
--
-- Host: localhost    Database: edoc
-- ------------------------------------------------------
-- Server version	8.0.41

/*!40101 SET @OLD_CHARACTER_SET_CLIENT=@@CHARACTER_SET_CLIENT */;
/*!40101 SET @OLD_CHARACTER_SET_RESULTS=@@CHARACTER_SET_RESULTS */;
/*!40101 SET @OLD_COLLATION_CONNECTION=@@COLLATION_CONNECTION */;
/*!50503 SET NAMES utf8 */;
/*!40103 SET @OLD_TIME_ZONE=@@TIME_ZONE */;
/*!40103 SET TIME_ZONE='+00:00' */;
/*!40014 SET @OLD_UNIQUE_CHECKS=@@UNIQUE_CHECKS, UNIQUE_CHECKS=0 */;
/*!40014 SET @OLD_FOREIGN_KEY_CHECKS=@@FOREIGN_KEY_CHECKS, FOREIGN_KEY_CHECKS=0 */;
/*!40101 SET @OLD_SQL_MODE=@@SQL_MODE, SQL_MODE='NO_AUTO_VALUE_ON_ZERO' */;
/*!40111 SET @OLD_SQL_NOTES=@@SQL_NOTES, SQL_NOTES=0 */;

--
-- Table structure for table `admin`
--

DROP TABLE IF EXISTS `admin`;
/*!40101 SET @saved_cs_client     = @@character_set_client */;
/*!50503 SET character_set_client = utf8mb4 */;
CREATE TABLE `admin` (
  `aemail` varchar(255) NOT NULL,
  `apassword` varchar(255) DEFAULT NULL,
  PRIMARY KEY (`aemail`)
) ENGINE=MyISAM DEFAULT CHARSET=latin1;
/*!40101 SET character_set_client = @saved_cs_client */;

--
-- Dumping data for table `admin`
--

LOCK TABLES `admin` WRITE;
/*!40000 ALTER TABLE `admin` DISABLE KEYS */;
INSERT INTO `admin` VALUES ('admin@gmail.com','123');
/*!40000 ALTER TABLE `admin` ENABLE KEYS */;
UNLOCK TABLES;

--
-- Table structure for table `appointment`
--

DROP TABLE IF EXISTS `appointment`;
/*!40101 SET @saved_cs_client     = @@character_set_client */;
/*!50503 SET character_set_client = utf8mb4 */;
CREATE TABLE `appointment` (
  `appoid` int NOT NULL AUTO_INCREMENT,
  `pid` int DEFAULT NULL,
  `apponum` int DEFAULT NULL,
  `scheduleid` int DEFAULT NULL,
  `appodate` date DEFAULT NULL,
  PRIMARY KEY (`appoid`),
  KEY `pid` (`pid`),
  KEY `scheduleid` (`scheduleid`)
) ENGINE=MyISAM AUTO_INCREMENT=17 DEFAULT CHARSET=latin1;
/*!40101 SET character_set_client = @saved_cs_client */;

--
-- Dumping data for table `appointment`
--

LOCK TABLES `appointment` WRITE;
/*!40000 ALTER TABLE `appointment` DISABLE KEYS */;
INSERT INTO `appointment` VALUES (4,5,1,3,'2025-03-09'),(5,5,2,3,'2025-03-09'),(6,5,1,2,'2025-03-09'),(7,5,2,2,'2025-03-09'),(8,5,3,2,'2025-03-09'),(9,5,4,2,'2025-03-09'),(10,5,3,3,'2025-03-09'),(11,5,4,3,'2025-03-09'),(12,5,5,3,'2025-03-09'),(13,5,6,3,'2025-03-09'),(14,5,7,3,'2025-03-09'),(15,5,8,3,'2025-03-09'),(16,5,1,4,'2025-03-18');
/*!40000 ALTER TABLE `appointment` ENABLE KEYS */;
UNLOCK TABLES;

--
-- Table structure for table `doctor`
--

DROP TABLE IF EXISTS `doctor`;
/*!40101 SET @saved_cs_client     = @@character_set_client */;
/*!50503 SET character_set_client = utf8mb4 */;
CREATE TABLE `doctor` (
  `docid` int NOT NULL AUTO_INCREMENT,
  `docemail` varchar(255) DEFAULT NULL,
  `docname` varchar(255) DEFAULT NULL,
  `docpassword` varchar(255) DEFAULT NULL,
  `docnic` varchar(15) DEFAULT NULL,
  `doctel` varchar(15) DEFAULT NULL,
  `specialties` int DEFAULT NULL,
  PRIMARY KEY (`docid`),
  KEY `specialties` (`specialties`)
) ENGINE=MyISAM AUTO_INCREMENT=8 DEFAULT CHARSET=latin1;
/*!40101 SET character_set_client = @saved_cs_client */;

--
-- Dumping data for table `doctor`
--

LOCK TABLES `doctor` WRITE;
/*!40000 ALTER TABLE `doctor` DISABLE KEYS */;
INSERT INTO `doctor` VALUES (5,'nit@gmail.com','Nitish kr','123','125456789','0147852369',1),(6,'ansh@gmail.com','ansh','123','1478523690','1023456789',17),(7,'raju@gmail.com','Raju','123','14523698750','2354697810',1);
/*!40000 ALTER TABLE `doctor` ENABLE KEYS */;
UNLOCK TABLES;

--
-- Table structure for table `patient`
--

DROP TABLE IF EXISTS `patient`;
/*!40101 SET @saved_cs_client     = @@character_set_client */;
/*!50503 SET character_set_client = utf8mb4 */;
CREATE TABLE `patient` (
  `pid` int NOT NULL AUTO_INCREMENT,
  `pemail` varchar(255) DEFAULT NULL,
  `pname` varchar(255) DEFAULT NULL,
  `ppassword` varchar(255) DEFAULT NULL,
  `paddress` varchar(255) DEFAULT NULL,
  `pnic` varchar(15) DEFAULT NULL,
  `pdob` date DEFAULT NULL,
  `ptel` varchar(15) DEFAULT NULL,
  PRIMARY KEY (`pid`)
) ENGINE=MyISAM AUTO_INCREMENT=6 DEFAULT CHARSET=latin1;
/*!40101 SET character_set_client = @saved_cs_client */;

--
-- Dumping data for table `patient`
--

LOCK TABLES `patient` WRITE;
/*!40000 ALTER TABLE `patient` DISABLE KEYS */;
INSERT INTO `patient` VALUES (5,'uts@gmail.com','UTSAV KUMAR  singh','123','bangalore; bellandur','1478523699','2025-03-01','1478523699');
/*!40000 ALTER TABLE `patient` ENABLE KEYS */;
UNLOCK TABLES;

--
-- Table structure for table `schedule`
--

DROP TABLE IF EXISTS `schedule`;
/*!40101 SET @saved_cs_client     = @@character_set_client */;
/*!50503 SET character_set_client = utf8mb4 */;
CREATE TABLE `schedule` (
  `scheduleid` int NOT NULL AUTO_INCREMENT,
  `docid` int DEFAULT NULL,
  `title` varchar(255) DEFAULT NULL,
  `scheduledate` date DEFAULT NULL,
  `scheduletime` time DEFAULT NULL,
  `nop` int DEFAULT NULL,
  PRIMARY KEY (`scheduleid`),
  KEY `docid` (`docid`)
) ENGINE=MyISAM AUTO_INCREMENT=5 DEFAULT CHARSET=latin1;
/*!40101 SET character_set_client = @saved_cs_client */;

--
-- Dumping data for table `schedule`
--

LOCK TABLES `schedule` WRITE;
/*!40000 ALTER TABLE `schedule` DISABLE KEYS */;
INSERT INTO `schedule` VALUES (1,5,'Allergology','2025-03-09','17:07:00',10),(2,5,'Anaesthetics','2025-03-09','17:11:00',2),(3,6,'Anaesthetics','2025-03-09','18:17:00',5),(4,5,'Allergology','2025-03-18','11:19:00',2);
/*!40000 ALTER TABLE `schedule` ENABLE KEYS */;
UNLOCK TABLES;

--
-- Table structure for table `specialties`
--

DROP TABLE IF EXISTS `specialties`;
/*!40101 SET @saved_cs_client     = @@character_set_client */;
/*!50503 SET character_set_client = utf8mb4 */;
CREATE TABLE `specialties` (
  `id` int NOT NULL,
  `sname` varchar(50) DEFAULT NULL,
  PRIMARY KEY (`id`)
) ENGINE=MyISAM DEFAULT CHARSET=latin1;
/*!40101 SET character_set_client = @saved_cs_client */;

--
-- Dumping data for table `specialties`
--

LOCK TABLES `specialties` WRITE;
/*!40000 ALTER TABLE `specialties` DISABLE KEYS */;
INSERT INTO `specialties` VALUES (1,'Accident and emergency medicine'),(2,'Allergology'),(3,'Anaesthetics'),(4,'Biological hematology'),(5,'Cardiology'),(6,'Child psychiatry'),(7,'Clinical biology'),(8,'Clinical chemistry'),(9,'Clinical neurophysiology'),(10,'Clinical radiology'),(11,'Dental, oral and maxillo-facial surgery'),(12,'Dermato-venerology'),(13,'Dermatology'),(14,'Endocrinology'),(15,'Gastro-enterologic surgery'),(16,'Gastroenterology'),(17,'General hematology'),(18,'General Practice'),(19,'General surgery'),(20,'Geriatrics'),(21,'Immunology'),(22,'Infectious diseases'),(23,'Internal medicine'),(24,'Laboratory medicine'),(25,'Maxillo-facial surgery'),(26,'Microbiology'),(27,'Nephrology'),(28,'Neuro-psychiatry'),(29,'Neurology'),(30,'Neurosurgery'),(31,'Nuclear medicine'),(32,'Obstetrics and gynecology'),(33,'Occupational medicine'),(34,'Ophthalmology'),(35,'Orthopaedics'),(36,'Otorhinolaryngology'),(37,'Paediatric surgery'),(38,'Paediatrics'),(39,'Pathology'),(40,'Pharmacology'),(41,'Physical medicine and rehabilitation'),(42,'Plastic surgery'),(43,'Podiatric Medicine'),(44,'Podiatric Surgery'),(45,'Psychiatry'),(46,'Public health and Preventive Medicine'),(47,'Radiology'),(48,'Radiotherapy'),(49,'Respiratory medicine'),(50,'Rheumatology'),(51,'Stomatology'),(52,'Thoracic surgery'),(53,'Tropical medicine'),(54,'Urology'),(55,'Vascular surgery'),(56,'Venereology');
/*!40000 ALTER TABLE `specialties` ENABLE KEYS */;
UNLOCK TABLES;

--
-- Table structure for table `webuser`
--

DROP TABLE IF EXISTS `webuser`;
/*!40101 SET @saved_cs_client     = @@character_set_client */;
/*!50503 SET character_set_client = utf8mb4 */;
CREATE TABLE `webuser` (
  `email` varchar(255) NOT NULL,
  `usertype` char(1) DEFAULT NULL,
  PRIMARY KEY (`email`)
) ENGINE=MyISAM DEFAULT CHARSET=latin1;
/*!40101 SET character_set_client = @saved_cs_client */;

--
-- Dumping data for table `webuser`
--

LOCK TABLES `webuser` WRITE;
/*!40000 ALTER TABLE `webuser` DISABLE KEYS */;
INSERT INTO `webuser` VALUES ('admin@gmail.com','a'),('nit@gmail.com','d'),('uts@gmail.com','p'),('ansh@gmail.com','d'),('raju@gmail.com','d');
/*!40000 ALTER TABLE `webuser` ENABLE KEYS */;
UNLOCK TABLES;
/*!40103 SET TIME_ZONE=@OLD_TIME_ZONE */;

/*!40101 SET SQL_MODE=@OLD_SQL_MODE */;
/*!40014 SET FOREIGN_KEY_CHECKS=@OLD_FOREIGN_KEY_CHECKS */;
/*!40014 SET UNIQUE_CHECKS=@OLD_UNIQUE_CHECKS */;
/*!40101 SET CHARACTER_SET_CLIENT=@OLD_CHARACTER_SET_CLIENT */;
/*!40101 SET CHARACTER_SET_RESULTS=@OLD_CHARACTER_SET_RESULTS */;
/*!40101 SET COLLATION_CONNECTION=@OLD_COLLATION_CONNECTION */;
/*!40111 SET SQL_NOTES=@OLD_SQL_NOTES */;

-- Dump completed on 2025-03-18 11:26:09
